x,y,z,yaw,velocity,change_flag,steering_flag,accel_flag,stop_flag,event_flag
1771.4989950888,1373.95536352694,60.5314877424389,-159.298623981188,0.002085952271067,0,0,0,0,0
1770.54609073349,1373.57894359902,60.5167538505048,-159.119069584568,1.54423777424309,0,3,0,0,0
1769.60761825024,1373.2133949073,60.513281638734,-158.996886532814,2.18966045663141,0,3,0,0,0
1768.65511824138,1372.83805615082,60.5188612667844,-159.007555381361,2.6885941878209,0,3,0,0,0
1767.68706668232,1372.45299195871,60.5057795839384,-158.940934866105,3.09774505164255,0,3,0,0,0
1766.70963508211,1372.0706249522,60.505855361931,-158.843815041232,3.45524929751281,0,3,0,0,0
1765.76713244466,1371.702308245,60.4959949096665,-158.680155761351,3.7610146637113,0,3,0,0,0
1764.83164210868,1371.32086910866,60.5106455963105,-158.690589358251,4.0115774136197,0,3,0,0,0
1763.83340386738,1370.92143396661,60.5025209262967,-158.544472431207,4.24794540760183,0,3,0,0,0
1762.86488783045,1370.53311917838,60.4937358619645,-158.378742468355,4.4466207467811,0,3,0,0,0
1761.86181544524,1370.12173428666,60.4902118742466,-158.328299690422,4.60508013784928,0,3,0,0,0
1760.91205091396,1369.73755027913,60.4875772977248,-158.302900635295,4.71507722103657,0,3,0,0,0
1759.93872632366,1369.34106234368,60.4882394596934,-158.297245091539,4.83386004574324,0,3,0,0,0
1758.94553185109,1368.93711837195,60.491603047587,-158.296360350833,4.92017802326656,0,3,0,0,0
1757.93229425448,1368.52840421721,60.4876755848527,-158.335066277176,5.01365017797702,0,3,0,0,0
1756.9983563195,1368.14607335813,60.4822482168675,-158.344969940797,5.08032023075065,0,3,0,0,0
1756.05407681019,1367.7650558576,60.4842669526115,-158.242190382951,5.09810338569429,0,3,0,0,0
1755.11231000442,1367.38239027746,60.4771961215883,-158.222090167262,5.07664711380941,0,3,0,0,0
1754.17676650244,1366.99994621053,60.4651579400525,-158.232231655279,5.02805611756156,0,3,0,0,0
1753.16262698185,1366.57706330996,60.4694863026962,-158.227734914843,4.95918087584191,0,3,0,0,0
1752.15628462017,1366.17317233048,60.4707351038232,-158.13070040078,4.88676229619347,0,3,0,0,0
1751.17232545256,1365.76257345174,60.4707679999992,-158.292518207419,4.81301802997782,0,3,0,0,0
1750.20000906871,1365.36301383842,60.4680134123191,-158.265448500384,4.75051615030133,0,3,0,0,0
1749.23788689671,1364.97473687958,60.4597055856138,-158.278911323724,4.68460395409981,0,3,0,0,0
1748.29314566625,1364.59019228444,60.4580790139735,-158.302296821049,4.56651854308213,0,3,0,0,0
1747.2892704726,1364.18876467831,60.4480542968959,-158.369140300172,4.43811147250982,0,2,0,0,0
1746.32482587203,1363.79177996051,60.4453737074509,-158.396790030954,4.25893358845609,0,2,0,0,0
1745.32517409587,1363.40424246527,60.4743160037324,-158.313402764497,3.99614011279934,0,2,0,0,0
1744.39475258382,1363.02663175203,60.492704231292,-158.31550252307,3.76435060998644,0,2,0,0,0
1743.44475726091,1362.6391996704,60.4613523427397,-158.077204220042,3.56827386717173,0,2,0,0,0
1742.47155749827,1362.24568487797,60.469863015227,-158.121903222102,3.42416525250816,0,2,0,0,0
1741.53927162796,1361.86972485296,60.457725385204,-158.001818171817,3.28390925087468,0,2,0,0,0
1740.59158559568,1361.47163060214,60.4550545159727,-158.066801740982,3.14686303221824,0,2,0,0,0
1739.61788041022,1361.08097615559,60.431378419511,-158.066217850108,3.02069950254371,0,2,0,0,0
1738.69004068314,1360.70337811112,60.4322842424735,-158.221008894378,2.85989966519096,0,2,0,0,0
1737.72756374045,1360.31734593119,60.4228548472747,-159.097669249237,2.60284769580013,0,2,0,0,0
1736.78126543248,1359.96894975472,60.4198168218136,-161.605045110917,2.46690831394102,0,2,0,0,0
1735.81475558149,1359.67084797844,60.4242473328486,-165.904033648294,2.35022393899865,0,2,0,0,0
1734.8354929284,1359.45938503556,60.4267699625343,-172.364754750519,2.19359911604998,0,2,0,0,0
1733.80877506064,1359.38182230108,60.4219301026315,178.52339124145,2.12685569518329,0,2,0,0,0
1732.80542095931,1359.47191816382,60.4245826574042,169.039104221612,2.22988095922671,0,2,0,0,0
1731.83351699635,1359.71789982915,60.4306301595643,159.48824226661,2.28397803081271,0,2,0,0,0
1730.88971577201,1360.13965014368,60.4235330801457,150.083690760045,2.39914805728022,0,2,0,0,0
1730.01027359237,1360.71617805678,60.4081484787166,141.864500827034,2.58202316533387,0,2,0,0,0
1729.217964118,1361.38251165207,60.4183171344921,135.689125717984,2.82747558814304,0,2,0,0,0
1728.51829462644,1362.10033101868,60.4343288354576,130.661238630037,3.04996641354868,0,3,0,0,0
1727.87796275975,1362.8798082117,60.4437551992014,126.019976975186,3.22157306491461,0,3,0,0,0
1727.26926199498,1363.74871922843,60.4456548579037,121.746131214113,3.3959260947634,0,3,0,0,0
1726.73194517638,1364.65548831411,60.4556945189834,118.653337241499,3.59993857543431,0,3,0,0,0
1726.2369887497,1365.57615683693,60.4691651221365,116.642016529208,3.83150854507543,0,3,0,0,0
1725.78012910741,1366.49338844977,60.4758758926764,115.238687519242,4.01311908906954,0,3,0,0,0
1725.32532603788,1367.4637210751,60.4971809536219,113.995454413385,4.20118038189464,0,3,0,0,0
1724.90720242547,1368.40459112544,60.5016978178173,112.830051398851,4.36346830575644,0,3,0,0,0
1724.49685646745,1369.38821996003,60.5212841350585,111.873696416424,4.51534807893389,0,3,0,0,0
1724.11834026856,1370.32477720268,60.5311629455537,111.264396908378,4.66411142006922,0,3,0,0,0
1723.74237110675,1371.29183002748,60.5408110842109,110.854398573641,4.77546424794147,0,3,0,0,0
1723.35962325404,1372.28333074786,60.5549702607095,110.517818942318,4.89470291806524,0,3,0,0,0
1722.97683169681,1373.30187886022,60.5588181009516,110.221826740331,4.99437878430455,0,3,0,0,0
1722.62721285154,1374.24820561241,60.5751670086756,109.851975653266,5.09155168424188,0,3,0,0,0
1722.27564204211,1375.21439247392,60.5916675999761,109.515947604749,5.19076477511749,0,3,0,0,0
1721.91949876171,1376.19782606978,60.5978125939146,109.162634021407,5.28601727869727,0,3,0,0,0
1721.56941196375,1377.20417052601,60.6080518327653,108.8928832577,5.39361374904977,0,3,0,0,0
1721.21747962851,1378.22910961229,60.6198175745085,108.543108895937,5.46346210697996,0,3,0,0,0
1720.86108135001,1379.26549693197,60.6297430768609,108.28721262837,5.51995105779967,0,1,0,0,0
1720.50903718558,1380.31443028711,60.6145339906216,108.087318917788,5.55200851879987,0,1,0,0,0
1720.16394314478,1381.36856641434,60.61909757182,107.98517644858,5.56030164331468,0,1,0,0,0
1719.81941829628,1382.42061912641,60.6431731311604,107.880325967904,5.55094936615274,0,1,0,0,0
1719.47337493638,1383.47077116184,60.6475054686889,107.780021033911,5.5293922651018,0,1,0,0,0
1719.13241829473,1384.51937447954,60.6672253739089,107.738931183659,5.52098031644219,0,1,0,0,0
1718.79489568097,1385.56525753159,60.6956516895443,107.655997511393,5.49876119051356,0,1,0,0,0
1718.45724435587,1386.60769191105,60.7045110799372,107.573505165937,5.5041233160035,0,1,0,0,0
1718.12141189835,1387.65203692112,60.6974493162707,107.53997455431,5.5067255586812,0,1,0,0,0
1717.78841294121,1388.69807786308,60.7066294588149,107.565872595462,5.51217523593786,0,1,0,0,0
1717.45087212347,1389.74425082561,60.7071809377521,107.612160039275,5.52376959874309,0,1,0,0,0
1717.11301966809,1390.79029264208,60.7046428918838,107.674572457529,5.51047695549686,0,1,0,0,0
1716.77927290159,1391.83005989715,60.7084118686616,107.748352928935,5.45429064890172,0,1,0,0,0
1716.44279902882,1392.85478042625,60.7093387283385,107.821228454126,5.37527667221432,0,1,0,0,0
1716.11833119247,1393.86319491174,60.7273075897247,107.956780918524,5.25993528961358,0,1,0,0,0
1715.79550480936,1394.84693800379,60.7798923635855,107.999758165117,5.14688543036404,0,1,0,0,0
1715.47407507169,1395.81057541817,60.8132572127506,108.079827174497,5.04934517589615,0,1,0,0,0
1715.13315534493,1396.85001158528,60.8333694702014,108.152698816331,4.93904505505499,0,1,0,0,0
1714.79644096043,1397.86703986675,60.8652952024713,108.157946308032,4.83289632053529,0,1,0,0,0
1714.46312669321,1398.85994204693,60.8808158282191,108.197198693075,4.73096163150889,0,1,0,0,0
1714.14020281081,1399.83300384134,60.8977541550994,108.260550561089,4.6303192234808,0,1,0,0,0
1713.8282161525,1400.78436351474,60.9113269075751,108.34362720883,4.49964482661267,0,1,0,0,0
1713.48603450548,1401.78224928025,60.9510008534417,108.341086191187,4.32124982591722,0,1,0,0,0
1713.17199693876,1402.73251423892,60.9694814682007,108.428227647635,4.05653599070099,0,1,0,0,0
1712.84206215193,1403.69077761564,60.9956524809823,108.470696337025,3.78266854520537,0,1,0,0,0
1712.52109517175,1404.65064537991,61.0117007661611,108.624298821296,3.48289770525025,0,1,0,0,0
1712.1739149543,1405.64516803157,61.0455440413207,109.004976034521,3.17483892548166,0,1,0,0,0
1711.83429904474,1406.61155375279,61.0387685494497,110.140637250457,2.90248497546157,0,1,0,0,0
1711.45884835219,1407.56693821587,61.0666608484462,112.695271209993,2.54198400320058,0,1,0,0,0
1711.03942943481,1408.48872343265,61.0634065512568,117.365569695318,2.33189136471593,0,1,0,0,0
1710.51890023728,1409.37929413747,61.0723396874964,124.303484256993,2.18078055003393,0,1,0,0,0
1709.88563093758,1410.18161996547,61.0952155981213,132.700057329065,2.17533649939407,0,1,0,0,0
1709.13797387376,1410.87948108558,61.1045214757323,141.596426145888,2.30113531793981,0,1,0,0,0
1708.29372470436,1411.45731003676,61.1175096323714,150.259909795134,2.38890944134655,0,1,0,0,0
1707.37635317573,1411.89856815152,61.1148881772533,158.659582132541,2.48853408511707,0,1,0,0,0
1706.41592032881,1412.20532595366,61.1160116391257,166.300816149024,2.58455800329933,0,1,0,0,0
1705.3959347746,1412.38238702156,61.1352266957983,173.773124469746,2.6451709485275,0,1,0,0,0
1704.38473114267,1412.42453551758,61.139080805704,-179.879550297822,2.7639866742505,0,1,0,0,0
1703.38005613937,1412.38519403059,61.1569943595678,-174.840674840749,2.84776951162229,0,1,0,0,0
1702.3540930468,1412.25646014139,61.1748441495001,-171.068326374837,2.95622224663837,0,3,0,0,0
1701.335711575,1412.06620532367,61.1396813401952,-168.683919229834,3.17586495888624,0,3,0,0,0
1700.30679631012,1411.8273941204,61.1514355270192,-166.299169265638,3.47404420400316,0,3,0,0,0
1699.33976716921,1411.56781697739,61.1425343398005,-164.128316702302,3.71424720395189,0,3,0,0,0
1698.3206847696,1411.25140568707,61.1397368665785,-162.149950522426,3.94371973651557,0,3,0,0,0
1697.33038911968,1410.9103455916,61.1344221914187,-160.610494709356,4.13758982488075,0,3,0,0,0
1696.37529895641,1410.56076150946,61.1445710137487,-159.655018663724,4.35466195330177,0,3,0,0,0
1695.38033424335,1410.17405913211,61.1329956259578,-158.886828824956,4.55452885993245,0,3,0,0,0
1694.43534941331,1409.78893609811,61.1246991455555,-158.566094978995,4.7423600072715,0,3,0,0,0
1693.44868902816,1409.39222592395,61.1181193143129,-158.34964575888,4.91397204180997,0,3,0,0,0
1692.52129945782,1409.01128497813,61.1065336158499,-158.182870340165,5.09757799749546,0,3,0,0,0
1691.56287723233,1408.61815769877,61.104981277138,-157.943161872342,5.27123216947892,0,3,0,0,0
1690.57700643636,1408.20790500566,61.0994296623394,-157.875822685484,5.42439346625289,0,3,0,0,0
1689.56171002705,1407.78267209046,61.1006856830791,-157.86894567034,5.59226941809537,0,3,0,0,0
1688.62007329834,1407.3922142433,61.1041329624131,-157.872062132555,5.73456025497996,0,3,0,0,0
1687.65599874227,1406.98936122283,61.1144234258682,-157.932322809104,5.87924143413829,0,3,0,0,0
1686.66623304755,1406.5796528738,61.101873789914,-157.891975095969,6.01534618365004,0,3,0,0,0
1685.65117874811,1406.16180347372,61.0811612801626,-157.87545385835,6.17623137777582,0,3,0,0,0
1684.61515485129,1405.72924037837,61.0800676690415,-157.871339688401,6.30706589936721,0,3,0,0,0
1683.67423444556,1405.33939403761,61.0737416455522,-157.809053196727,6.4255041207489,0,3,0,0,0
1682.71447662334,1404.94286974519,61.0599389690906,-157.825366352936,6.54791327528475,0,3,0,0,0
1681.73810776544,1404.53675312642,61.0529023334384,-157.891308080105,6.66474950690822,0,3,0,0,0
1680.74423995399,1404.12671739608,61.0603761095554,-157.921841853234,6.7587552896431,0,3,0,0,0
1679.73207665258,1403.71134159621,61.0540964789689,-157.953065810711,6.88732028191544,0,3,0,0,0
1678.7024209933,1403.28866656963,61.0354557381943,-158.02941131073,7.00347057520818,0,3,0,0,0
1677.65672828228,1402.85899667721,61.0286783082411,-158.090073228921,7.10337904022188,0,3,0,0,0
1676.72695252619,1402.48118636105,61.029832704924,-158.107147021491,7.20433075190563,0,3,0,0,0
1675.78434626845,1402.09782111738,61.0233222600073,-158.136122184636,7.3113918415254,0,3,0,0,0
1674.83087575826,1401.70814607665,61.0178354680538,-158.191232833638,7.39155004527309,0,3,0,0,0
1673.86593954248,1401.31515002158,61.0237137963995,-158.21019018639,7.47380058093329,0,3,0,0,0
1672.88872815494,1400.91836324148,61.0282426234335,-158.239007708972,7.56960628145736,0,3,0,0,0
1671.89985431905,1400.51827965677,61.0225365832448,-158.293024383694,7.63718186335543,0,3,0,0,0
1670.8987865512,1400.11357778311,61.0165078816935,-158.304291464649,7.73981998944253,0,3,0,0,0
1669.88546890439,1399.70409836527,61.0127965193242,-158.268795264915,7.83850188076589,0,3,0,0,0
1668.85943319241,1399.29100454319,61.0092132799327,-158.267143296392,7.93272471996467,0,3,0,0,0
1667.82325811032,1398.8703802079,61.0095197437331,-158.352028654537,8.02433791310314,0,3,0,0,0
1666.77376696555,1398.44792893622,61.0002062022686,-158.370716450754,8.11616122590638,0,3,0,0,0
1665.7113339295,1398.02322050184,60.9866802636534,-158.378448261519,8.20802485817126,0,3,0,0,0
1664.63931883092,1397.5943596093,60.9817805029452,-158.384745509669,8.26384175996493,0,3,0,0,0
1663.56060268061,1397.16227207799,60.9813581919298,-158.318725862218,8.31296184393085,0,3,0,0,0
1662.63145857363,1396.78822604101,60.9727852502838,-158.241313696045,8.35581962809608,0,3,0,0,0
1661.69684501481,1396.41195198521,60.9657754627988,-158.179665505324,8.40418617218518,0,3,0,0,0
1660.75884406344,1396.031041204,60.9675744688138,-158.141698101339,8.44241930311877,0,3,0,0,0
1659.81539588817,1395.6479838714,60.977638031356,-158.097355246921,8.49531667599211,0,3,0,0,0
1658.86540629779,1395.26176430285,60.9852995956317,-158.071302006579,8.56826680654974,0,3,0,0,0
1657.9083108654,1394.87223651353,60.9848186383024,-158.132571414282,8.62751587402396,0,3,0,0,0
1656.94424278324,1394.47958771419,60.9798195008189,-158.200795671048,8.68059028334204,0,3,0,0,0
1655.97155758209,1394.08583287522,60.9700924642384,-158.237257915773,8.76300635572245,0,3,0,0,0
1654.99029192608,1393.691270357,60.9541707802564,-158.25616729955,8.83368132226956,0,3,0,0,0
1654.00163629797,1393.29372261465,60.947439853102,-158.283950980567,8.8868734372322,0,3,0,0,0
1653.00483501563,1392.89391594008,60.9517664248124,-158.278650737819,8.97242233732,0,3,0,0,0
1652.0002580795,1392.49092510901,60.9535218952224,-158.27394933326,9.03922278414948,0,3,0,0,0
1650.98848829436,1392.08366070688,60.9433069657534,-158.285576181729,9.10825311614512,0,3,0,0,0
1649.96868995961,1391.67428024206,60.9237846592441,-158.278223345484,9.17464899435456,0,3,0,0,0
1648.94163656549,1391.2610244751,60.9042455330491,-158.28798130909,9.23706146055312,0,3,0,0,0
1647.90719907248,1390.84560069349,60.8974356297404,-158.29340051955,9.30061055589613,0,3,0,0,0
1646.86581014982,1390.42662059423,60.9004367422313,-158.306738356829,9.36587220050606,0,3,0,0,0
1645.81756408646,1390.00408759434,60.9019204359502,-158.317288101388,9.43976768323539,0,3,0,0,0
1644.76210242463,1389.57922711875,60.8952325880528,-158.3297280805,9.49702848754312,0,3,0,0,0
1643.70019477158,1389.15238071326,60.8839930603281,-158.346897460842,9.54083050656127,0,3,0,0,0
1642.63272880315,1388.72302061506,60.8787091663107,-158.371891966011,9.6106051512954,0,3,0,0,0
1641.55910415668,1388.29322199058,60.8768869973719,-158.348132002278,9.64816866951272,0,3,0,0,0
1640.48010297964,1387.86106625292,60.8736926633865,-158.328281262798,9.6990932378382,0,3,0,0,0
1639.39584002132,1387.42463333998,60.8702844157815,-158.323036188252,9.75637315830818,0,3,0,0,0
1638.30624476942,1386.98578408547,60.8671294860542,-158.32295054753,9.79517212570018,0,3,0,0,0
1637.21080836974,1386.5438929582,60.8621375998482,-158.305346078353,9.85583167640911,0,3,0,0,0
1636.11038655427,1386.100143563,60.8527426654473,-158.254194048192,9.90193639301988,0,3,0,0,0
1635.00603606063,1385.6548935771,60.8409057790414,-158.222774258352,9.92817263704044,0,3,0,0,0
1633.89946819609,1385.20501348376,60.834464580752,-158.226024332912,9.96424026051851,0,3,0,0,0
1632.789718816,1384.75506343879,60.8350514937192,-158.180116562011,9.9880390823119,0,3,0,0,0
1631.86285482196,1384.3784481734,60.8323706481606,-158.134331412832,9.99637812341515,0,3,0,0,0
1630.93518130342,1384.0002024537,60.8260686406866,-158.128264187091,10.0132298552264,0,3,0,0,0
1630.00551110687,1383.62201130949,60.8183177057654,-158.137453144556,10.0272238520659,0,3,0,0,0
1629.07475923147,1383.24274084624,60.8106126440689,-158.138568681448,10.0551688015875,0,3,0,0,0
1628.14275199483,1382.86517346464,60.8127254769206,-158.08926050683,10.0544384994148,0,3,0,0,0
1627.21028650092,1382.48593065143,60.8178048534319,-158.061676693132,10.0669136933651,0,3,0,0,0
1626.27730279916,1382.10519205313,60.8171743899584,-158.063776048396,10.0723068544594,0,3,0,0,0
1625.34464316099,1381.7237740662,60.807102214545,-158.069326783209,10.0690156308438,0,3,0,0,0
1624.41200013005,1381.34198269621,60.7912928527221,-158.067067631087,10.0738136085314,0,3,0,0,0
1623.4785013877,1380.96069208253,60.7769006621093,-158.05183427175,10.07930248448,0,3,0,0,0
1622.54474279453,1380.57924957108,60.7733686985448,-158.03491458406,10.0759200338711,0,3,0,0,0
1621.61078200961,1380.19832627941,60.7817238150165,-158.023828695239,10.0813679815888,0,3,0,0,0
1620.67644903855,1379.81655965,60.7875400958583,-158.007252014285,10.0898971351497,0,3,0,0,0
1619.74156590796,1379.43374990392,60.7811630414799,-158.0045525258,10.0963748775348,0,3,0,0,0
1618.80534430948,1379.05130127817,60.7651928802952,-157.991857857446,10.1073675757551,0,3,0,0,0
1617.86899154092,1378.66784011759,60.7494397172704,-157.983008788003,10.1168214954834,0,3,0,0,0
1616.93128068262,1378.28428454325,60.7390176597983,-157.961601900637,10.1341764461315,0,3,0,0,0
1615.99216666148,1377.89920501784,60.7333946637809,-157.938175957869,10.1579603666071,0,3,0,0,0
1615.05170536321,1377.51252877153,60.7336410181597,-157.913877780916,10.1754855790828,0,3,0,0,0
1614.10914435098,1377.12527000159,60.7347690723836,-157.896965041422,10.1958927190468,0,3,0,0,0
1613.16492693051,1376.73597409297,60.7285450994968,-157.905630983429,10.2204326493109,0,3,0,0,0
1612.2192642045,1376.34637916368,60.7138797659427,-157.902593866569,10.2295350191999,0,3,0,0,0
1611.27108080412,1375.95653956663,60.6975825568661,-157.891308570469,10.2622434913931,0,3,0,0,0
1610.32122163801,1375.56592480093,60.6866457825527,-157.885453747833,10.2771936324702,0,3,0,0,0
1609.36948523554,1375.17518194765,60.6865952974185,-157.874917832356,10.2972304705144,0,3,0,0,0
1608.41609175736,1374.78252199665,60.6837796187028,-157.86337234807,10.3167128815393,0,3,0,0,0
1607.46101792611,1374.38818403613,60.6719613987953,-157.835663881335,10.3312861975124,0,3,0,0,0
1606.50451959251,1373.99231358338,60.6580398920923,-157.823990597473,10.3546684276536,0,3,0,0,0
1605.54640258878,1373.59491797537,60.6476491875947,-157.822322842829,10.3828546151893,0,3,0,0,0
1604.58699018403,1373.19663456921,60.6409974340349,-157.817981244267,10.3940017083868,0,3,0,0,0
1603.62534342229,1372.79828656092,60.6365335900337,-157.823476687244,10.4168798255582,0,3,0,0,0
1602.66225243133,1372.39966532681,60.6348563889042,-157.842532497878,10.4301457976074,0,3,0,0,0
1601.69736539375,1372.00108616706,60.6361625185236,-157.854810671669,10.446273401768,0,3,0,0,0
1600.73092085373,1371.60216962546,60.635643158108,-157.874769640332,10.4644503081145,0,3,0,0,0
1599.76262572786,1371.20353260636,60.6303806575015,-157.884302196561,10.4733936724461,0,3,0,0,0
1598.79286479263,1370.8045648206,60.6240041479468,-157.89032483662,10.4900561815398,0,3,0,0,0
1597.82178187295,1370.40512893721,60.6217576675117,-157.907888301372,10.5041992269469,0,3,0,0,0
1596.84924722707,1370.00510041974,60.6230219192803,-157.909849551796,10.5170388865909,0,3,0,0,0
1595.87520582962,1369.60426720046,60.626927934587,-157.918743477665,10.5359565284919,0,3,0,0,0
1594.89918182307,1369.20329700597,60.6292557343841,-157.916119298821,10.5602760431619,0,3,0,0,0
1593.92220808048,1368.80087668449,60.6252907561138,-157.933938664503,10.5687413848698,0,3,0,0,0
1592.94359858509,1368.39757067617,60.6132601583377,-157.952751703338,10.5928120740423,0,3,0,0,0
1591.96340002486,1367.99392873887,60.5984119707719,-157.969654492885,10.6094154494867,0,3,0,0,0
1590.98130578647,1367.59100125171,60.5928016891703,-157.96816855613,10.6293999353742,0,3,0,0,0
1589.99782091338,1367.18747461494,60.5976658733562,-157.953695962683,10.6428431757236,0,3,0,0,0
1589.01285628334,1366.78249429166,60.6041462393478,-157.945839219615,10.6561530887395,0,3,0,0,0
1588.02593723463,1366.37696238793,60.603394728154,-157.926180505819,10.6793705439255,0,3,0,0,0
1587.03839213873,1365.97039137315,60.5909917615354,-157.907856836871,10.6831908837409,0,3,0,0,0
1586.050525247,1365.56372277439,60.5727411545813,-157.877598089631,10.6812032257308,0,3,0,0,0
1585.06307374709,1365.15651143622,60.5535660721362,-157.850044526032,10.6768654666548,0,3,0,0,0
1584.07624502806,1364.74915028084,60.5392219917849,-157.833147455479,10.669218094075,0,3,0,0,0
1583.09066690691,1364.3423625771,60.5336396461353,-157.825463640697,10.6592028778642,0,3,0,0,0
1582.10650285386,1363.93650918733,60.5381262535229,-157.806328348803,10.6363017919555,0,3,0,0,0
1581.12372016202,1363.53109776136,60.5452510071918,-157.779733885074,10.6225895074773,0,3,0,0,0
1580.14232775971,1363.12591024581,60.5473001394421,-157.755140361489,10.6101939925923,0,3,0,0,0
1579.16257158277,1362.7197298985,60.538798077032,-157.743795210297,10.6010843691773,0,3,0,0,0
1578.18411360914,1362.31314383633,60.5235401457176,-157.725243198377,10.5933026430158,0,3,0,0,0
1577.20683466533,1361.90693116281,60.5084772156552,-157.712192923231,10.5783194448185,0,3,0,0,0
1576.23037036986,1361.50113430899,60.4957954846323,-157.714905657517,10.5680629795821,0,3,0,0,0
1575.25525873766,1361.09543894418,60.4837017897517,-157.709880099591,10.5531299416714,0,3,0,0,0
1574.28146829183,1360.69068691321,60.46979143098,-157.690253632716,10.538259539679,0,3,0,0,0
1573.30933614256,1360.2871342171,60.455484688282,-157.678166441392,10.5127474216347,0,3,0,0,0
1572.33946570684,1359.88335823454,60.4490700382739,-157.678345265585,10.4945296929648,0,3,0,0,0
1571.37172814918,1359.48045894783,60.4535304559395,-157.661145429956,10.4723447778631,0,3,0,0,0
1570.40583876858,1359.07823680807,60.4650628371164,-157.659255316777,10.4611046482924,0,3,0,0,0
1569.44158859079,1358.67591380328,60.4738969262689,-157.654498790401,10.4414150899889,0,3,0,0,0
1568.47830069577,1358.27362414263,60.4718492291868,-157.64822457596,10.4383907269245,0,3,0,0,0
1567.51622065058,1357.87201251555,60.460001219064,-157.642171269443,10.412588293009,0,3,0,0,0
1566.55505229556,1357.47081712727,60.4423526823521,-157.65710251336,10.4095625993855,0,3,0,0,0
1565.59506838449,1357.07060968317,60.4238549880683,-157.662351178602,10.3939660642307,0,3,0,0,0
1564.63610314467,1356.67118172254,60.4091941034421,-157.669979929056,10.3770631128346,0,3,0,0,0
1563.67846832308,1356.27253043465,60.4042654614896,-157.683706186621,10.36683428841,0,3,0,0,0
1562.72189243726,1355.87484134641,60.4090265333653,-157.684739364058,10.3503923367587,0,3,0,0,0
1561.76685801864,1355.47660563327,60.4130029417574,-157.693067167158,10.3394555404367,0,3,0,0,0
1560.81244245003,1355.07971502841,60.4091218486428,-157.676809338283,10.3271920810931,0,3,0,0,0
1559.85922613816,1354.68244925514,60.3971011601388,-157.687801673467,10.3182619029134,0,3,0,0,0
1558.90706856124,1354.28504668642,60.3858102774248,-157.694448324093,10.3126893834003,0,3,0,0,0
1557.95518553496,1353.88861248549,60.3809941681102,-157.697222846822,10.3031726102077,0,3,0,0,0
1557.00332011905,1353.49275613204,60.3829035507515,-157.716891626648,10.3060447133165,0,3,0,0,0
1556.05085023062,1353.09801889118,60.3828378506005,-157.725742517899,10.3146570539546,0,3,0,0,0
1555.09835325414,1352.70308190677,60.3731965376064,-157.744889118523,10.3129903961029,0,3,0,0,0
1554.14529676153,1352.30945029296,60.3562027812004,-157.73231638072,10.3132475859376,0,3,0,0,0
1553.1924346264,1351.91542354226,60.3405819358304,-157.73559435115,10.3073317358731,0,3,0,0,0
1552.23967662529,1351.52151679993,60.3340995190665,-157.73386385323,10.3069950149194,0,3,0,0,0
1551.287700771,1351.12738551479,60.3377518150955,-157.72631982934,10.3012114966545,0,3,0,0,0
1550.33646622847,1350.73285563104,60.3428852567449,-157.720429355552,10.3001638095624,0,3,0,0,0
1549.38557743654,1350.33829161339,60.3432322368026,-157.711346163113,10.2944120862658,0,3,0,0,0
1548.43517709733,1349.94366183039,60.3435837104917,-157.708274764175,10.2923522078696,0,3,0,0,0
1547.48510458507,1349.54882101063,60.3471512086689,-157.696585144701,10.2937584323023,0,3,0,0,0
1546.53539070766,1349.153827345,60.3483926989138,-157.675741449473,10.2901161405527,0,3,0,0,0
1545.58526253246,1348.7589046862,60.3416255172342,-157.648768471574,10.2895861173486,0,3,0,0,0
1544.63548183267,1348.36279058736,60.3285522451624,-157.632721694345,10.2922291020057,0,3,0,0,0
1543.68624478526,1347.96638146881,60.3204228505492,-157.617160412088,10.2893801368526,0,3,0,0,0
1542.7370600726,1347.57023010682,60.3164448300377,-157.598814805351,10.2885805480767,0,3,0,0,0
1541.78815679136,1347.17439055908,60.3150504585356,-157.578047612712,10.2796596973894,0,3,0,0,0
1540.83954178571,1346.77905169223,60.3186983084306,-157.556970382166,10.2730758302132,0,3,0,0,0
1539.89149852155,1346.3832621146,60.3261365965009,-157.522118062065,10.2675547108804,0,3,0,0,0
1538.94370724726,1345.9873827612,60.3347806138918,-157.487678929277,10.2667553477695,0,3,0,0,0
1537.99653448956,1345.59003315493,60.3438716428354,-157.484440752345,10.2726760840356,0,3,0,0,0
1537.04950994178,1345.19158833474,60.3481245078146,-157.501120348995,10.2744542800223,0,3,0,0,0
1536.10199107038,1344.79391427059,60.3426983924583,-157.508092607099,10.273808222854,0,3,0,0,0
1535.15338582516,1344.39693656471,60.3283079406247,-157.516409801516,10.2917425855079,0,3,0,0,0
1534.20438685454,1343.99988497328,60.3149433648214,-157.520073733308,10.2870103699463,0,3,0,0,0
1533.25468957034,1343.60429401509,60.3139153765514,-157.505181451879,10.2962180254967,0,3,0,0,0
1532.30493796995,1343.20774720144,60.3171332599595,-157.512216826342,10.298422195741,0,3,0,0,0
1531.35508824163,1342.80988238752,60.313817653805,-157.5393650912,10.3050365979515,0,3,0,0,0
1530.40506170096,1342.41163326148,60.3056582789868,-157.549596071446,10.3049496308193,0,3,0,0,0
1529.45481458021,1342.0128184408,60.2961709499359,-157.537966825981,10.3132055386409,0,3,0,0,0
1528.50370106852,1341.61406020541,60.2872251551598,-157.522082841003,10.319816102383,0,3,0,0,0
1527.55231393356,1341.21513598319,60.2811987353489,-157.522038112571,10.3177564164391,0,3,0,0,0
1526.60063550778,1340.81503762864,60.2765014637262,-157.537247913289,10.3283093862419,0,3,0,0,0
1525.64803186455,1340.41497785039,60.2662125695497,-157.529801545024,10.335905987148,0,3,0,0,0
1524.69474397763,1340.01506545115,60.2532593533397,-157.520453078195,10.338548115567,0,3,0,0,0
1523.74129738816,1339.61533416342,60.2426097132266,-157.506658516798,10.3369246030925,0,3,0,0,0
1522.78875702346,1339.21509914752,60.2338534332812,-157.510506701314,10.3269229127662,0,3,0,0,0
1521.83738685184,1338.81462270115,60.2256870977581,-157.506918732613,10.3115384203712,0,3,0,0,0
1520.88733357174,1338.41428281926,60.2191855777055,-157.499382684763,10.3024069008811,0,3,0,0,0
1519.9390333661,1338.01490636542,60.2150871036574,-157.482847746563,10.2861949555504,0,3,0,0,0
1518.99224031001,1337.61544227786,60.207983572036,-157.486377603832,10.2698794721285,0,3,0,0,0
1518.04671910021,1337.21699961275,60.1984932068735,-157.496374690378,10.2521382001561,0,3,0,0,0
1517.10265803419,1336.81930360571,60.188054301776,-157.523828972907,10.2357346529798,0,3,0,0,0
1516.15974409372,1336.42359446548,60.1737549258396,-157.548749432932,10.2192080664031,0,3,0,0,0
1515.21786011325,1336.02931535058,60.1569523354992,-157.567063432817,10.207275016988,0,3,0,0,0
1514.27778118697,1335.63587573171,60.1460638800636,-157.584385715479,10.1772843101226,0,3,0,0,0
1513.33914992545,1335.24363385793,60.145097556524,-157.598378414117,10.1639633539211,0,3,0,0,0
1512.4022146372,1334.85174704529,60.1450552484021,-157.63039806823,10.1467393451772,0,3,0,0,0
1511.46671104146,1334.45990249608,60.1369171040133,-157.656667098426,10.1340336655311,0,3,0,0,0
1510.53215270414,1334.06915098708,60.123745277524,-157.679685010447,10.1231342648499,0,3,0,0,0
1509.59843955492,1333.67942250986,60.1087835719809,-157.717154126082,10.1159517970308,0,3,0,0,0
1508.66554154764,1333.29065699223,60.0924406088889,-157.75156650784,10.1000560303738,0,3,0,0,0
1507.73320039769,1332.90296267718,60.0752617232502,-157.77100789814,10.0954874108554,0,3,0,0,0
1506.80160245468,1332.51662182994,60.0588672179729,-157.767184444414,10.0790118058399,0,3,0,0,0
1505.87110273441,1332.1304331515,60.0454730382189,-157.7877044157,10.0695834142606,0,3,0,0,0
1504.94143023109,1331.7448415719,60.0331040136516,-157.815169485763,10.0670880303653,0,3,0,0,0
1504.01322181331,1331.35894540045,60.0204087654129,-157.857950784882,10.0490347433777,0,3,0,0,0
1503.08507915214,1330.97479242925,60.0048889443278,-157.870588390345,10.0427830548769,0,3,0,0,0
1502.15702900488,1330.59190553892,59.9879968892783,-157.877722587878,10.0369023897389,0,3,0,0,0
1501.2297593882,1330.20960022043,59.971347075887,-157.88162044388,10.025018466065,0,3,0,0,0
1500.30308220687,1329.82769781072,59.9544418789446,-157.87752701774,10.0179182205721,0,3,0,0,0
1499.37720725907,1329.44570426084,59.9324242928997,-157.874671293985,10.0177950119494,0,3,0,0,0
1498.45213505521,1329.06405424885,59.9072689497843,-157.864456119581,10.0001559152309,0,3,0,0,0
1497.34374796558,1328.6058651479,59.8842466752976,-157.863524860826,9.98596062743983,0,3,0,0,0
1496.23677150276,1328.14848075435,59.8691029846668,-157.863430811507,9.97307222602723,0,3,0,0,0
1495.13111057837,1327.69243161287,59.8547455109656,-157.873444814105,9.96039037813392,0,3,0,0,0
1494.02762217278,1327.23712890502,59.8393987463787,-157.872259223129,9.94527858307472,0,3,0,0,0
1492.92624477186,1326.78316632658,59.820369232446,-157.860789819855,9.91671109706202,0,3,0,0,0
1491.82736333844,1326.32968904171,59.8006595186889,-157.855409299491,9.89918616071259,0,3,0,0,0
1490.73174103006,1325.87605817802,59.786545779556,-157.861737939612,9.86985399980388,0,3,0,0,0
1489.63868158287,1325.42382709309,59.7761543188244,-157.86594976576,9.84277988499407,0,3,0,0,0
1488.54845617787,1324.97194913216,59.7654687613249,-157.870290804358,9.82095459973455,0,3,0,0,0
1487.46091306314,1324.5220227195,59.7561547718942,-157.876798797727,9.79417498716447,0,3,0,0,0
1486.37644946756,1324.07311927341,59.7464434402064,-157.888059101668,9.77391648565879,0,3,0,0,0
1485.29400756437,1323.6260067299,59.7337006488815,-157.884900110269,9.7502616781207,0,3,0,0,0
1484.21494217683,1323.17954729125,59.7281849356368,-157.890975478758,9.71660174083138,0,3,0,0,0
1483.13871573657,1322.73496210482,59.7219159994274,-157.879000208234,9.68424912930549,0,3,0,0,0
1482.06623254321,1322.29151332192,59.7049126597121,-157.892712457417,9.65768297568481,0,3,0,0,0
1480.99747572077,1321.84931286331,59.6836157515645,-157.906005760869,9.62104734317275,0,3,0,0,0
1479.93244748208,1321.40913965274,59.6719176871702,-157.909042439387,9.58333456581117,0,3,0,0,0
1478.87145586882,1320.97091890872,59.6738513801247,-157.900831430867,9.54424014783896,0,3,0,0,0
1477.81431699451,1320.53410730232,59.678645439446,-157.899537784098,9.51277397961672,0,3,0,0,0
1476.76085653476,1320.09844101965,59.6767824674025,-157.904431819154,9.48388247798816,0,3,0,0,0
1475.71091236378,1319.6640694486,59.6663728822023,-157.930117529802,9.4550459518815,0,3,0,0,0
1474.66376479709,1319.23260110896,59.6496409168467,-157.925836571983,9.42243863398314,0,3,0,0,0
1473.61991110456,1318.80334544461,59.6356489174068,-157.915867281745,9.38970220495204,0,3,0,0,0
1472.57985542808,1318.37473575585,59.6258583730087,-157.901645443499,9.35771103171829,0,3,0,0,0
1471.54371856141,1317.94731302559,59.6210571797565,-157.893726797056,9.32207587047792,0,3,0,0,0
1470.51076440647,1317.52121334709,59.6162837883458,-157.879923747078,9.29817845704819,0,3,0,0,0
1469.481965249,1317.09427800123,59.6086493115872,-157.881588319115,9.26068640819127,0,3,0,0,0
1468.45600579679,1316.66951729823,59.5958021180704,-157.856045542886,9.23842314936161,0,3,0,0,0
1467.43370050564,1316.24557150155,59.5735079022124,-157.853864595744,9.19781113285482,0,1,0,0,0
1466.41446570394,1315.82332857419,59.5513717727736,-157.84974840815,9.17805460809412,0,1,0,0,0
1465.39870591863,1315.40296766069,59.5441048787907,-157.856316714916,9.13964511387086,0,1,0,0,0
1464.38600372948,1314.98520574067,59.5495910719037,-157.858504317743,9.10681807510932,0,1,0,0,0
1463.37639735168,1314.56882623024,59.5491711013019,-157.869257378163,9.08530927886416,0,1,0,0,0
1462.36991571006,1314.15363691468,59.5332571053878,-157.88348372173,9.06018648901502,0,1,0,0,0
1461.3665863059,1313.73981599323,59.5113345542923,-157.889585415556,9.02990667561301,0,1,0,0,0
1460.36559046881,1313.32766985893,59.4958429951221,-157.901526461119,9.01190361415405,0,1,0,0,0
1459.36756854085,1312.91582264472,59.4868663791567,-157.90938546505,8.98840594466963,0,1,0,0,0
1458.37202563859,1312.50614922866,59.4762700526044,-157.906747280961,8.95351339001664,0,1,0,0,0
1457.37952561805,1312.09811933618,59.4556516399607,-157.904388400211,8.92678633595481,0,1,0,0,0
1456.39032831346,1311.69075476564,59.4320331411436,-157.915245592249,8.89236080264864,0,1,0,0,0
1455.40525537875,1311.28542209603,59.4211916718632,-157.907463788496,8.84779217629614,0,1,0,0,0
1454.42896430561,1310.88264433481,59.4263532292098,-157.913457911695,8.75097375691455,0,1,0,0,0
1453.46492568206,1310.48577779811,59.4281385084614,-157.902624820865,8.61404314781741,0,1,0,0,0
1452.517791636,1310.09442715067,59.4229775769636,-157.921714024418,8.4518904281399,0,1,0,0,0
1451.58810246043,1309.71099263616,59.4134821090847,-157.918267978783,8.29776495346224,0,1,0,0,0
1450.52511177369,1309.27285865415,59.3990001175553,-157.919505543247,8.12143861338341,0,1,0,0,0
1449.48459803953,1308.84598482959,59.3880806164816,-157.898672170605,7.94153272613718,0,1,0,0,0
1448.46866982622,1308.42679465003,59.3788624759763,-157.876147128845,7.76169319561841,0,1,0,0,0
1447.47658839927,1308.01737395953,59.3578344630078,-157.820633614576,7.5753100909846,0,1,0,0,0
1446.50824910239,1307.61785079353,59.3363892640919,-157.782173136181,7.39019657816195,0,1,0,0,0
1445.56489461393,1307.22502137348,59.3315193187445,-157.818093597097,7.20894575672509,0,1,0,0,0
1444.51447756554,1306.78986014146,59.3296111151576,-157.789993104132,7.00161377475735,0,1,0,0,0
1443.49322402349,1306.36734716967,59.317569103092,-157.761634385009,6.81542115896662,0,1,0,0,0
1442.50091567967,1305.95515345503,59.3057554475963,-157.733977289056,6.6262518777736,0,1,0,0,0
1441.53563679248,1305.55395820085,59.3002149453387,-157.73505504098,6.44027456597705,0,1,0,0,0
1440.59696658718,1305.16376045067,59.2851842259988,-157.749155966786,6.26165305506485,0,1,0,0,0
1439.57182724454,1304.73891774006,59.2706313878298,-157.735951667374,6.07205915898577,0,1,0,0,0
1438.57850771205,1304.32835919037,59.2630224656314,-157.689510111342,5.87079790293118,0,1,0,0,0
1437.6185943131,1303.92768860143,59.2610703799874,-157.661608629663,5.6874337552178,0,1,0,0,0
1436.68967779307,1303.54010580294,59.2529816031456,-157.618196985605,5.49706023059481,0,1,0,0,0
1435.69616975304,1303.12541948911,59.2419820139185,-157.57687180596,5.27722820418443,0,1,0,0,0
1434.74203878862,1302.72567412723,59.2277363492176,-157.457806043367,5.07887651850597,0,1,0,0,0
1433.73785346362,1302.30011781305,59.2083590840921,-156.983732004303,4.83852651133348,0,1,0,0,0
1432.7830918096,1301.88926780131,59.2088914560154,-156.0524413884,4.60964681159314,0,1,0,0,0
1431.80281687749,1301.44572473224,59.1967870034277,-154.63935538616,4.36182729122645,0,1,0,0,0
1430.89031518262,1300.99647926819,59.1807229472324,-152.488316184074,4.1359111016089,0,1,0,0,0
1429.9627324983,1300.49539821222,59.1759217428043,-149.277691564299,4.01670243427673,0,1,0,0,0
1429.08650215989,1299.94544622209,59.1578454589471,-145.388188292284,3.95608307696827,0,1,0,0,0
1428.26541612769,1299.34563862532,59.1489017521963,-140.936838024685,3.88791147840296,0,1,0,0,0
1427.4551066265,1298.64556205086,59.1349394181743,-135.82879032644,3.80059009054703,0,1,0,0,0
1426.73464250099,1297.89273509383,59.1259970767424,-130.642748731816,3.67007171382623,0,1,0,0,0
1426.1033053525,1297.10322786868,59.1220724303275,-124.662574874189,3.59640757965333,0,1,0,0,0
1425.53933325212,1296.1963246176,59.1077142786235,-118.036964490637,3.57407567350611,0,1,0,0,0
1425.09599194617,1295.29743106756,59.0858179433271,-111.738721279868,3.60752558848875,0,1,0,0,0
1424.75264364562,1294.33837997261,59.0686634648591,-105.61322649185,3.70572069942776,0,1,0,0,0
1424.51530962193,1293.31635690387,59.050275715068,-99.6606933769162,3.846790189743,0,1,0,0,0
1424.37829086429,1292.3104152251,59.0286454381421,-94.1350986554027,3.99563525161596,0,1,0,0,0
1424.33761588257,1291.25873688888,59.0242250189185,-88.9030939516211,4.10999751753239,0,1,0,0,0
1424.39660424297,1290.17746114824,59.0173524944112,-84.1741350107319,4.22537626350357,0,1,0,0,0
1424.530313403,1289.15971109737,58.9907938921824,-80.6342004980943,4.35060629277601,0,3,0,0,0
1424.72871138627,1288.1224769121,58.9701606081799,-77.9966116423388,4.44917560476216,0,3,0,0,0
1424.97847646003,1287.07105496526,58.9677504170686,-75.8606415338794,4.56590927132657,0,3,0,0,0
1425.23834081198,1286.08843270596,58.9478076435626,-74.1043580994303,4.68254808963653,0,3,0,0,0
1425.54293533805,1285.09251268022,58.9373189769685,-72.4073333160281,4.79077617387075,0,3,0,0,0
1425.88323034887,1284.08006705623,58.923055944033,-70.7682723146828,4.9149734628324,0,3,0,0,0
1426.26321601588,1283.05221131071,58.9058416895568,-69.3178895690951,5.04384148508779,0,3,0,0,0
1426.6373385975,1282.10179393552,58.8823325810954,-68.2131125702056,5.15765497656085,0,3,0,0,0
1427.04262468102,1281.13782164361,58.8541904417798,-67.3352075948951,5.28478119882249,0,3,0,0,0
1427.46852196986,1280.15535479132,58.8194436021149,-66.5892739071997,5.41707137850598,0,3,0,0,0
1427.91276969254,1279.15495585185,58.7925830846652,-66.0670607426164,5.52153204525097,0,3,0,0,0
1428.32973348041,1278.24201596808,58.7713449019939,-65.6369814305103,5.60685272798921,0,3,0,0,0
1428.75979263778,1277.32084440533,58.7320036515594,-65.1994027976201,5.66961876639736,0,3,0,0,0
1429.19627879135,1276.39139630646,58.6946381796151,-64.7309748974787,5.71779701348647,0,3,0,0,0
1429.64447316009,1275.45857590903,58.664241223596,-64.3186552922458,5.7600736004827,0,3,0,0,0
1430.10692310624,1274.52591687534,58.6320603191853,-63.9745033246903,5.78629051928511,0,3,0,0,0
1430.57016383478,1273.58839004207,58.5988349337131,-63.6349717095559,5.81295783106272,0,3,0,0,0
1431.04372655449,1272.65019269567,58.5721327904612,-63.3911760871222,5.83914233121059,0,3,0,0,0
1431.52451688744,1271.71121587139,58.5634774044156,-63.1683606098068,5.85532551558428,0,3,0,0,0
1432.00733773707,1270.76762171742,58.555317603983,-62.9304376036798,5.88049310601992,0,3,0,0,0
1432.49407048459,1269.82320174202,58.5413254639134,-62.7481821286466,5.89178175995227,0,3,0,0,0
1432.98807982128,1268.88162875921,58.541783108376,-62.552959669215,5.8961547493785,0,3,0,0,0
1433.48374533578,1267.94209353626,58.547418968752,-62.3230959739916,5.88569984128932,0,3,0,0,0
1433.98157370632,1267.00397848524,58.5395204564557,-62.0990371278819,5.89278249390992,0,3,0,0,0
1434.48347481596,1266.06475085858,58.531549571082,-61.9216061320161,5.90249593975742,0,3,0,0,0
1434.99331724935,1265.128149461,58.5462471954525,-61.7899974457182,5.90527031758447,0,3,0,0,0
1435.50492014008,1264.19144749921,58.5430664168671,-61.6316817243206,5.91422043497612,0,3,0,0,0
1436.01128115942,1263.25103304721,58.5038291616365,-61.4716673426776,5.90567091618986,0,3,0,0,0
1436.52598512021,1262.32018598542,58.4922497291118,-61.4838225573928,5.88138975294971,0,3,0,0,0
1437.03614341753,1261.39304014202,58.5014915084466,-61.3642843744395,5.84535558733592,0,3,0,0,0
1437.5433497862,1260.47166162077,58.4954381324351,-61.2814575385533,5.81050630857642,0,3,0,0,0
1438.04553135007,1259.55474880151,58.4843928059563,-61.1407209621707,5.772405723439,0,3,0,0,0
1438.55271664466,1258.64829495549,58.4760036719963,-61.0893383869889,5.73490776460315,0,3,0,0,0
1439.05617259961,1257.74705415592,58.4731140090153,-61.0173499420206,5.70189189175737,0,3,0,0,0
1439.55637560523,1256.85155974515,58.4599548438564,-60.9913675651836,5.67007499521885,0,3,0,0,0
1440.05377370247,1255.96208811458,58.4459830196574,-60.9599052678062,5.62837823432883,0,3,0,0,0
1440.54937684844,1255.07962860074,58.4384590117261,-60.9144770971098,5.57614365886996,0,3,0,0,0
1441.08980869828,1254.11080502346,58.4378789709881,-60.7895348876231,5.47746070816011,0,3,0,0,0
1441.62115418451,1253.16570264101,58.4336609914899,-60.7623068762739,5.32428600493709,0,1,0,0,0
1442.14120861935,1252.25355204847,58.4236457385123,-60.7234422646191,5.13491336113514,0,1,0,0,0
1442.63398057752,1251.37292714138,58.4139100024477,-60.667039128328,4.92617086899706,0,1,0,0,0
1443.15851717099,1250.45124676917,58.4016344808042,-60.6539416632536,4.69073252400183,0,1,0,0,0
1443.65646844526,1249.57445483189,58.4035569615662,-60.5512052106888,4.45630857625685,0,1,0,0,0
1444.17023133277,1248.66581062321,58.3875215584412,-60.5409317885368,4.23011447074138,0,1,0,0,0
1444.70553778968,1247.72969229333,58.3737930189818,-60.4995156655563,4.05519384737654,0,1,0,0,0
1445.22607769404,1246.82351526152,58.3606182793155,-60.38212958321,3.97361498681418,0,1,0,0,0
1445.73306770093,1245.93235294335,58.3486819108948,-60.2163546167156,3.90060779088127,0,1,0,0,0
1446.24227414676,1245.06194726098,58.3457583179697,-59.7418647005109,3.84688693611863,0,1,0,0,0
1446.7865348346,1244.13943227846,58.3285429412499,-58.4479822281478,3.78502392068418,0,1,0,0,0
1447.34983641014,1243.24992835242,58.3260019868612,-56.3609009296817,3.71399830162133,0,1,0,0,0
1447.93915493559,1242.39848940447,58.311928245239,-53.1676823221521,3.66535005735744,0,1,0,0,0
1448.56623225875,1241.59908768442,58.3073294619098,-48.9474296082313,3.58081137412782,0,1,0,0,0
1449.2893044792,1240.8178389864,58.3049016539007,-43.5055824215654,3.51255001624264,0,1,0,0,0
1450.07270185935,1240.12889685109,58.301068643108,-37.4863217241036,3.44656437705694,0,1,0,0,0
1450.91514268459,1239.53873092495,58.2911443542689,-30.9865646375298,3.40744120853849,0,1,0,0,0
1451.80815723405,1239.04908247851,58.287214291282,-24.0330027022025,3.38566424043122,0,1,0,0,0
1452.7521344992,1238.68309881073,58.2900411235169,-17.1594400110679,3.38087435233485,0,1,0,0,0
1453.73992679699,1238.42828060314,58.3074021684006,-10.4319022963035,3.42784101839038,0,1,0,0,0
1454.77439947467,1238.28775212355,58.3070658324286,-3.55017429343036,3.53421284700165,0,1,0,0,0
1455.77581842756,1238.26630603895,58.3089948920533,2.26206175749607,3.62952293938164,0,1,0,0,0
1456.79914919479,1238.34109273646,58.3209322458133,7.51070298072548,3.72218693257574,0,1,0,0,0
1457.84823638987,1238.51277649123,58.3215351626277,11.9415437962066,3.86472948185604,0,1,0,0,0
1458.84678830975,1238.75280833058,58.329805765301,14.7716891723849,4.03576309009901,0,3,0,0,0
1459.87638224108,1239.04581536353,58.3402399029583,16.5788501724285,4.19217663730894,0,3,0,0,0
1460.85058232216,1239.35247277748,58.3456627512351,17.7558599226764,4.30968972860422,0,3,0,0,0
1461.84806347493,1239.68849795591,58.366284057498,18.54625890053,4.45248484736113,0,3,0,0,0
1462.87557178549,1240.04759382736,58.3843016540632,19.4080598797835,4.60450685342829,0,3,0,0,0
1463.84506496735,1240.40452393517,58.3911868780851,20.1737942836375,4.76955162150269,0,3,0,0,0
1464.84684459778,1240.78023742512,58.3968324000016,20.8753305918925,4.93734510262098,0,3,0,0,0
1465.78234652954,1241.1467954414,58.4098223662004,21.3476553303192,5.08751074846327,0,3,0,0,0
1466.74373293779,1241.53327642754,58.4278354756534,21.9392150252455,5.25779210593673,0,3,0,0,0
1467.73372871074,1241.93790195975,58.4270658520982,22.556133989619,5.40720548768546,0,3,0,0,0
1468.74473247153,1242.3689673841,58.431807349436,23.0312514896527,5.5449105254312,0,3,0,0,0
1469.67336958146,1242.77393836249,58.4476176826283,23.3781523985679,5.67841962502514,0,3,0,0,0
1470.62162133644,1243.19172594789,58.4607785912231,23.6317742282489,5.81355895523689,0,3,0,0,0
1471.58867648814,1243.62494505662,58.4781919009984,23.7920106320072,5.94483545104669,0,3,0,0,0
1472.5789053808,1244.0698481435,58.4877595314756,23.9535687640962,6.08013648839869,0,3,0,0,0
1473.59113759862,1244.52791346144,58.4911880288273,24.0715260691473,6.21953997311215,0,3,0,0,0
1474.50992564316,1244.94470616896,58.4981041643769,24.1041257305043,6.34291918228292,0,3,0,0,0
1475.44536584173,1245.37077706214,58.5137075157836,24.011719837713,6.46183612375303,0,3,0,0,0
1476.39837353205,1245.80418707524,58.5348460040987,23.8650412382586,6.58834531027781,0,3,0,0,0
1477.374569092,1246.23757139314,58.5464942790568,23.8194406160586,6.72643236359626,0,3,0,0,0
1478.3686284009,1246.67871096544,58.5523058036342,23.7486058899993,6.84605637491223,0,3,0,0,0
1479.38031194219,1247.12960611191,58.557516113855,23.7406008741808,6.94414176780504,0,3,0,0,0
1480.40831915959,1247.58878755476,58.5634419778362,23.6632241295315,7.06843028949151,0,3,0,0,0
1481.45348443976,1248.05005100928,58.5799355991185,23.497600057159,7.17049934546237,0,3,0,0,0
1482.37723186269,1248.45686864667,58.5875902725384,23.4116652345676,7.22323791352332,0,3,0,0,0
1483.31379253039,1248.8662567744,58.5863327272236,23.4314429196942,7.33421047382432,0,3,0,0,0
1484.26146450971,1249.27590943873,58.5979647096247,23.447556543676,7.37719243036717,0,3,0,0,0
1485.21407332504,1249.69507789705,58.6328427270055,23.3181636528547,7.45580206804239,0,3,0,0,0
1486.17817873589,1250.11496936996,58.6329068010673,23.2921608539318,7.52257571210495,0,3,0,0,0
1487.15185383015,1250.53810741287,58.6196182090789,23.2953217150097,7.5904470730151,0,3,0,0,0
1488.13530484051,1250.96105936542,58.6306136865169,23.2474817997102,7.64934326222652,0,3,0,0,0
1489.1244235363,1251.39079834055,58.6671693511307,23.1246343157655,7.72003727511441,0,3,0,0,0
1490.1219022692,1251.82249186095,58.6915136678144,23.0731948734316,7.76679690616952,0,3,0,0,0
1491.12755395088,1252.25141439028,58.6903476901352,23.0842992864718,7.80495852229245,0,3,0,0,0
1492.13838688185,1252.68256225623,58.6885545747355,23.1330884781949,7.83922832885512,0,3,0,0,0
1493.1521047228,1253.11845390871,58.7039809264243,23.1874428057816,7.87590760233954,0,3,0,0,0
1494.16983206361,1253.55925489869,58.7248513121158,23.2204937659609,7.92306712746216,0,3,0,0,0
1495.19267390791,1254.00210386701,58.7408269615844,23.2447992349966,7.96255914245984,0,3,0,0,0
1496.220252803,1254.4488223251,58.7471670834348,23.2316285003974,8.00293186838897,0,3,0,0,0
1497.25232514,1254.89796522539,58.7512068292126,23.1943767055374,8.03607929916347,0,3,0,0,0
1498.29007913015,1255.3474741159,58.7633007904515,23.1518284723329,8.07469084292951,0,3,0,0,0
1499.33304211975,1255.79673775937,58.7853857884184,23.1063703761358,8.11008035237995,0,3,0,0,0
1500.38219102268,1256.24885312561,58.8021988878027,23.0765061743886,8.15910466595326,0,3,0,0,0
1501.43821275479,1256.70355170406,58.8099047923461,23.0672479364013,8.21628998761009,0,3,0,0,0
1502.50097354769,1257.15928628016,58.8241593753919,23.0454334900239,8.25459406970407,0,3,0,0,0
1503.56821456034,1257.61852355208,58.843954090029,23.0453094728907,8.29892310365065,0,3,0,0,0
1504.63908121624,1258.07928982098,58.8562846574932,23.0585110089289,8.31374489089003,0,3,0,0,0
1505.71056917118,1258.53980187513,58.8717045281082,23.088346626317,8.30957445473806,0,3,0,0,0
1506.78088898229,1259.00198261719,58.8967136796564,23.1186303264894,8.3037708574347,0,3,0,0,0
1507.84991357295,1259.46429912653,58.9201496979222,23.1359478362823,8.29782689419101,0,3,0,0,0
1508.91729985113,1259.92649432085,58.9314538137987,23.1186810305577,8.28336163737905,0,3,0,0,0
1509.98417111981,1260.38532945514,58.9342633103952,23.1254519578906,8.26895565358702,0,3,0,0,0
1511.04898764874,1260.844177939,58.9398656729609,23.1165222476744,8.24529760072604,0,3,0,0,0
1512.11278575379,1261.29915301502,58.941517575644,23.0999478078429,8.23916471472614,0,3,0,0,0
1513.173019682,1261.75458277576,58.9468783121556,23.0757982675299,8.21381721683894,0,3,0,0,0
1514.2295767382,1262.20683078375,58.9609523350373,23.1467133257814,8.17809266640852,0,3,0,0,0
1515.280412397,1262.66148683615,58.979087382555,23.1453274512148,8.14260449491468,0,3,0,0,0
1516.32738976146,1263.11554872431,58.9987556468695,23.1215383114705,8.12444547810619,0,3,0,0,0
1517.37194848963,1263.5681474125,59.0218764292076,23.0948101182025,8.10168744509018,0,3,0,0,0
1518.41503800749,1264.01752267033,59.0454322276637,23.1101658562239,8.0943636927831,0,3,0,0,0
1519.45759623888,1264.46546717826,59.0563369616866,23.1133251500964,8.08907044206874,0,3,0,0,0
1520.49798944866,1264.91409290768,59.0639483844861,23.1354614182837,8.06798127292755,0,3,0,0,0
1521.53589133068,1265.36339868885,59.0801416439936,23.1759832873375,8.06273404576643,0,3,0,0,0
1522.57357742271,1265.80996805429,59.0900589851663,23.2473968208507,8.05146745644921,0,3,0,0,0
1523.60710346885,1266.25995749515,59.0976739739999,23.2828888240099,8.02591082879223,0,3,0,0,0
1524.63922966737,1266.70753907971,59.1142841968685,23.4110080767475,8.01872086253409,0,3,0,0,0
1525.66847460758,1267.15596424043,59.137515229173,23.5751036122792,8.00464472894631,0,3,0,0,0
1526.69452538423,1267.60837734398,59.1602089153603,23.7507658701205,7.98949923658704,0,3,0,0,0
1527.71851596789,1268.06477906276,59.1775285936892,23.9082112984764,7.98802989509612,0,3,0,0,0
1528.74157555198,1268.52418481559,59.1877337861806,24.0997583970505,8.00171140840899,0,3,0,0,0
1529.76308707043,1268.98888760898,59.1909948205575,24.2947503181468,8.01621402212611,0,3,0,0,0
1530.78530091367,1269.45457064081,59.1895789625123,24.5272688706668,8.01941372392415,0,3,0,0,0
1531.80530901917,1269.92510490958,59.1922255670652,24.7191088457494,8.02009966549876,0,3,0,0,0
1532.82438609615,1270.39935072418,59.1967683136463,24.9223919672281,8.0168728312895,0,3,0,0,0
1533.84185231884,1270.87840864714,59.2026390433311,25.1347200524881,8.02235239339438,0,3,0,0,0
1534.85737519199,1271.35999395698,59.2178786676377,25.3649904328764,8.02323650390694,0,3,0,0,0
1535.87138304929,1271.84554036893,59.228453759104,25.5667564222094,8.0246695647734,0,3,0,0,0
1536.88265947177,1272.33576114848,59.2364220926538,25.7404854384663,8.01398348093111,0,3,0,0,0
1537.89152361068,1272.82931348402,59.2548114098608,25.9024353605356,8.01877523729017,0,3,0,0,0
1538.89945885242,1273.32397814468,59.2691012378782,26.0942632042319,8.00620296621208,0,3,0,0,0
1539.9061890734,1273.82095194049,59.2756123244762,26.2404520200757,8.01958101185283,0,3,0,0,0
1540.91160621925,1274.32094912604,59.2811861718073,26.3725534289653,8.01442493511025,0,3,0,0,0
1541.91568208981,1274.82426220551,59.2971238344908,26.5283852649004,8.01731916812614,0,3,0,0,0
1542.92031507194,1275.32787776459,59.3092009322718,26.6327796651285,8.03380936809569,0,3,0,0,0
1543.92359774618,1275.83483511303,59.3024153318256,26.6432088252643,8.02457835665378,0,3,0,0,0
1544.92554565717,1276.34348332603,59.2933572521433,26.6518492134487,8.02477461045732,0,3,0,0,0
1545.92682777985,1276.85065170284,59.2991455923766,26.6340580002951,8.01634800677723,0,3,0,0,0
1546.92927439301,1277.35414872877,59.3134465068579,26.5685197091767,8.00806168017835,0,3,0,0,0
1547.92850550212,1277.86031991895,59.3316311370581,26.416556778741,7.99616796809453,0,3,0,0,0
1548.92842559476,1278.36317330413,59.3411641241983,26.2269207969357,7.99348862222108,0,3,0,0,0
1549.92964134284,1278.8602935141,59.3385015632957,25.9905383407577,7.98335566929413,0,3,0,0,0
1550.93122835207,1279.35360296723,59.3450744245201,25.7162299050279,7.97141134342422,0,3,0,0,0
1551.93409693468,1279.83986514155,59.3665140336379,25.4631119440336,7.95538976476093,0,3,0,0,0
1552.93791763904,1280.32240933273,59.3857768913731,25.1755356708836,7.95653002054142,0,3,0,0,0
1553.94268640166,1280.79986873921,59.3897799719125,24.916464761251,7.95012203497514,0,3,0,0,0
1554.94881366292,1281.27165800706,59.3869131524116,24.6356972005368,7.93148395944754,0,3,0,0,0
1555.95638835261,1281.73670113087,59.3922131676227,24.4275466573339,7.91736484930273,0,3,0,0,0
1556.96271815983,1282.19969875272,59.4093338167295,24.2335849818278,7.91716349731817,0,3,0,0,0
1557.97007213306,1282.65644867346,59.4232746455818,24.0775932648978,7.8977371633709,0,3,0,0,0
1558.97712225106,1283.1123421602,59.4318171273917,23.9011810751876,7.88516407909462,0,3,0,0,0
1559.98389833985,1283.56355183851,59.4419823000208,23.7586822265499,7.87763198107287,0,3,0,0,0
1560.98975793557,1284.01304508187,59.4469044581056,23.5839906527851,7.85567046121825,0,3,0,0,0
1561.99595266604,1284.4576577656,59.450223615393,23.4317869031306,7.8458665697693,0,3,0,0,0
1563.00154321594,1284.89959574211,59.4632893772796,23.2763955319967,7.85025714651804,0,3,0,0,0
1564.0070106393,1285.33537181374,59.4777635205537,23.1959653019558,7.8291430974968,0,3,0,0,0
1565.01014523767,1285.77007698268,59.486230247654,23.1051931539455,7.79832451340584,0,3,0,0,0
1566.01204301626,1286.20363055635,59.4819085346535,23.0136816072489,7.78374677372945,0,3,0,0,0
1567.01215873944,1286.63596255146,59.4802633421496,22.8560860351347,7.7767883219435,0,3,0,0,0
1568.01186951034,1287.06320863869,59.4903476042673,22.6493554534891,7.76750192819316,0,3,0,0,0
1569.01152800221,1287.48629197106,59.4981192657724,22.4005676087924,7.73587979294096,0,3,0,0,0
1570.01151124871,1287.90464979783,59.4947901042178,22.0991303353258,7.73735643281454,0,3,0,0,0
1571.01338546316,1288.3149054423,59.4896971425042,21.7672704299966,7.73713337224368,0,3,0,0,0
1572.01526955114,1288.7187842764,59.4985815156251,21.444520877422,7.70896796453971,0,3,0,0,0
1573.01732825802,1289.1169707505,59.521962528117,21.1577933364356,7.69479463397004,0,3,0,0,0
1574.0207741122,1289.50909123104,59.5323103833944,20.8680209386779,7.68907504979027,0,3,0,0,0
1575.02546579763,1289.89725858811,59.5268028229475,20.5201886478197,7.68691262549968,0,3,0,0,0
1576.03152935288,1290.27982481383,59.5314598567784,20.205919371459,7.68759518860554,0,3,0,0,0
1577.04034809792,1290.65521002468,59.5458941236138,19.9056707148781,7.6891358372667,0,3,0,0,0
1578.05235489644,1291.02428210527,59.5585549632087,19.6294650680546,7.69915340235162,0,3,0,0,0
1579.06578643457,1291.39113235008,59.5655691185966,19.3413038404541,7.69910491453046,0,3,0,0,0
1580.08316117094,1291.75115520973,59.5708018504083,19.1085793294218,7.71278797736422,0,3,0,0,0
1581.10299667285,1292.10787797254,59.5743275908753,18.8687054416745,7.7199307763828,0,3,0,0,0
1582.12563672086,1292.45945748873,59.5859625125304,18.6774137487483,7.73164905420244,0,3,0,0,0
1583.15061866387,1292.80935907178,59.5950708100572,18.4904270451959,7.74526410119339,0,3,0,0,0
1584.17875228229,1293.15537238494,59.5994228487834,18.3792439331086,7.75651781328667,0,3,0,0,0
1585.20856768294,1293.50043513067,59.6043742727488,18.2714448080005,7.76274064266327,0,3,0,0,0
1586.24041908473,1293.84542701487,59.609323406592,18.2584230096684,7.77876910798149,0,3,0,0,0
1587.27370936406,1294.19023566414,59.6148205883801,18.3343484410966,7.7859718507907,0,3,0,0,0
1588.3072382565,1294.53701039404,59.6231804508716,18.4469234142351,7.79107072071059,0,3,0,0,0
1589.34039037675,1294.8864741195,59.6300013270229,18.5667320271142,7.79412950720416,0,3,0,0,0
1590.37217765086,1295.2408446623,59.6348087666556,18.7195248731413,7.79200011416082,0,3,0,0,0
1591.40409920062,1295.5946070049,59.6451618121937,18.9353305983201,7.79239917133759,0,3,0,0,0
1592.43303809949,1295.95163019188,59.6600615307689,19.0752958375639,7.78167652136736,0,3,0,0,0
1593.46001743502,1296.31095465552,59.6766438996419,19.3915726429983,7.77471246000752,0,3,0,0,0
1594.48613843572,1296.67338912655,59.6823189305142,19.8037527584857,7.7852760565343,0,3,0,0,0
1595.50739929476,1297.0451813424,59.679864468053,20.2137451914689,7.76178479189767,0,3,0,0,0
1596.52471421793,1297.42753587291,59.671867614612,20.4254709044223,7.76909877368429,0,3,0,0,0
1597.54084235366,1297.81449649576,59.6713738590479,20.5906916495837,7.76562249100419,0,3,0,0,0
1598.55709289375,1298.20078806672,59.683429303579,20.76272031066,7.77085067954348,0,3,0,0,0
1599.57303144224,1298.58944456186,59.6984461843968,20.9132701707474,7.78080880960341,0,3,0,0,0
1600.58786577522,1298.98337038606,59.707435999997,21.0514609651984,7.78086371990449,0,3,0,0,0
1601.60288729431,1299.37969721481,59.7154044061899,21.2243729853032,7.79983625461838,0,3,0,0,0
1602.61804238078,1299.77924658544,59.7175368536264,21.3748305911413,7.80859767044676,0,3,0,0,0
1603.63427267584,1300.18133190088,59.7151691736653,21.5179265303248,7.82738820727154,0,3,0,0,0
1604.65043857886,1300.58743662294,59.7123797768727,21.6407286509323,7.82785739950773,0,3,0,0,0
1605.66766878264,1300.99513413012,59.7078911093995,21.8115485883449,7.84399424722297,0,3,0,0,0
1606.68507323589,1301.40585288219,59.7085389383137,21.9416055531614,7.84545336209166,0,3,0,0,0
1607.70170535555,1301.82056615036,59.7144472477958,22.0813028114429,7.84403409436032,0,3,0,0,0
1608.71767360193,1302.23760244437,59.7249343981966,22.2094292542734,7.85283447361607,0,3,0,0,0
1609.73336108518,1302.65655429661,59.7257066564634,22.3145441890466,7.85873101878442,0,3,0,0,0
1610.74665107339,1303.07793712802,59.7337590325624,22.4094201465952,7.8420769876489,0,3,0,0,0
1611.75847482961,1303.50183165446,59.7530153477564,22.5116746994959,7.83910903608077,0,3,0,0,0
1612.76982112584,1303.92691437807,59.7764940708876,22.6073950775848,7.84787485604884,0,3,0,0,0
1613.78209883336,1304.35319108143,59.7953144842759,22.6634057516629,7.86209975916879,0,3,0,0,0
1614.79559085454,1304.78197827376,59.7979764807969,22.6809029443476,7.8785432560027,0,3,0,0,0
1615.81044901401,1305.21268969961,59.7885769205168,22.6755730576498,7.89196480289369,0,3,0,0,0
1616.82805987325,1305.64229988493,59.7751236660406,22.7011326651657,7.90433246842451,0,3,0,0,0
1617.84692998632,1306.07193388045,59.7717273486778,22.6905280353669,7.90157695630973,0,3,0,0,0
1618.86622833926,1306.50469706859,59.7793047018349,22.667111030893,7.92617802996932,0,3,0,0,0
1619.88677107758,1306.93757484015,59.7877645641565,22.6655257994232,7.93302712741069,0,3,0,0,0
1620.90835413121,1307.37260437291,59.7961258348078,22.6838127057859,7.94087413536616,0,3,0,0,0
1621.93249194801,1307.80676358752,59.8068703860045,22.6943683708926,7.95618524140676,0,3,0,0,0
1622.95786783623,1308.24109039176,59.8189960308373,22.667812776059,7.96909051096699,0,3,0,0,0
1623.98436867382,1308.67878749408,59.8260568026453,22.6371774454836,7.98819616843364,0,3,0,0,0
1625.01452078618,1309.11500898376,59.8293850962073,22.7027981771607,8.01303319515301,0,3,0,0,0
1626.04698731238,1309.5512172021,59.840273655951,22.7760831600382,8.01680988110793,0,3,0,0,0
1627.0816111262,1309.99069667514,59.8468251647428,22.8487686493299,8.05058539845475,0,3,0,0,0
1628.11755208962,1310.43430343177,59.840641242452,22.9011753871396,8.05709339627784,0,3,0,0,0
1629.15593412297,1310.8784755338,59.8352498812601,22.9744673422768,8.08211880987455,0,3,0,0,0
1630.19520732673,1311.32581695169,59.8393538584933,23.0201698664224,8.10101752005528,0,3,0,0,0
1631.23624727299,1311.77545036655,59.8499598950148,23.0660038918042,8.11141384518431,0,3,0,0,0
1632.27893630002,1312.22769714613,59.8676453866065,23.0478148991354,8.14044114105291,0,3,0,0,0
1633.32365953736,1312.68163098767,59.880220675841,23.0208886999511,8.15395823450762,0,3,0,0,0
1634.37266711658,1313.13445296604,59.8776720259339,23.0244392516839,8.17911771262121,0,3,0,0,0
1635.42538831913,1313.58679217938,59.8714695926756,23.0240893749053,8.2006765251981,0,3,0,0,0
1636.47941180493,1314.04260604177,59.8793429806829,23.0017461131105,8.2098518724045,0,3,0,0,0
1637.53762856359,1314.49710097909,59.892901878804,23.0142363099083,8.24297389671191,0,3,0,0,0
1638.5985549335,1314.95309620537,59.8980134744197,22.9797458395804,8.27043192029037,0,3,0,0,0
1639.66250142816,1315.40994146187,59.8967459686101,22.9683735700517,8.28097991236611,0,3,0,0,0
1640.73089913529,1315.86601616722,59.8956044316292,22.9894793602187,8.31580933819851,0,3,0,0,0
1641.8015464209,1316.32426542602,59.8969917269424,22.9961084178922,8.33753569640825,0,3,0,0,0
1642.72132025735,1316.71919550281,59.8982434701175,23.0110444313304,8.35742002704745,0,3,0,0,0
1643.64274336502,1317.11641765479,59.8994972594082,23.023629812337,8.37158752239099,0,3,0,0,0
1644.56630138797,1317.51454925071,59.9030909994617,23.0485918162951,8.40013824444838,0,3,0,0,0
1645.49191439699,1317.91405798495,59.9063785802573,23.0642359451667,8.41747651233604,0,3,0,0,0
1646.41854844481,1318.31470182631,59.9099223539233,23.0971635597105,8.42679973289373,0,3,0,0,0
1647.34612186573,1318.71606555302,59.9158995309845,23.1289836998324,8.43188622651384,0,3,0,0,0
1648.27453160851,1319.11718522292,59.9197667744011,23.1383677888933,8.44412964482694,0,3,0,0,0
1649.20193855697,1319.51955890935,59.9232411468402,23.120892498722,8.43379435091872,0,3,0,0,0
1650.12903192942,1319.92141265422,59.9266107026488,23.1471612948987,8.42709344163539,0,3,0,0,0
1651.05513210688,1320.32173391897,59.9374087667093,23.2081785522132,8.40680036914395,0,3,0,0,0
1651.97907492192,1320.72380798776,59.9544035783038,23.2382953592702,8.39162395217883,0,3,0,0,0
1652.9019395439,1321.12630315404,59.9708017278463,23.2541945594024,8.39657495040562,0,3,0,0,0
1653.82322611485,1321.52830155101,59.975508004427,23.2607216228024,8.37831950559868,0,3,0,0,0
1654.74232294376,1321.93132840656,59.9671691451222,23.2917483718647,8.36338773832668,0,3,0,0,0
1655.6611684704,1322.33129210211,59.9565068176016,23.3429982871399,8.34731185450226,0,3,0,0,0
1656.72839084355,1322.79840819817,59.9658547323197,23.3281883371615,8.31991226090741,0,3,0,0,0
1657.79115551198,1323.26388699561,59.9873993247747,23.3470040905746,8.28069737275396,0,3,0,0,0
1658.84848254547,1323.72754336055,60.0014371462166,23.4002996363028,8.23124772634431,0,3,0,0,0
1659.89834121527,1324.19251616858,60.0062834881246,23.5000178483586,8.18957578088131,0,3,0,0,0
1660.94243440212,1324.6543170521,60.0068815015256,23.6568397805224,8.13870588314668,0,3,0,0,0
1661.97692256712,1325.11917738337,60.0118764275685,23.6201634123724,8.07988347662247,0,3,0,0,0
1663.00292913028,1325.58377944957,60.021743029356,23.469476463497,8.02764366605179,0,3,0,0,0
1664.02431502967,1326.04073690064,60.0280634434894,23.3222963861343,7.97142303068347,0,3,0,0,0
1665.04227832344,1326.48708669841,60.0282565644011,23.2657836464459,7.91877265113947,0,3,0,0,0
1666.05509699683,1326.92788546532,60.0323970606551,23.2623115756375,7.86416011036179,0,3,0,0,0
1667.06039905618,1327.36551318411,60.0397499864921,23.2671191376237,7.80242929812901,0,3,0,0,0
1668.05765020102,1327.80071952008,60.0439836485311,23.2924187259666,7.75712405349498,0,3,0,0,0
1669.04763386172,1328.23128977604,60.0428057713434,23.3404494213532,7.67563846881042,0,3,0,0,0
1670.02847622748,1328.66153778695,60.0568066528067,23.3424884153657,7.61553701432502,0,3,0,0,0
1671.00185064704,1329.08644918073,60.0865037376061,23.3656333006418,7.57130151534624,0,3,0,0,0
1671.96895507775,1329.50800423045,60.1064253523946,23.3560108896733,7.50908537618504,0,3,0,0,0
1672.93038022803,1329.92697624397,60.1042136214674,23.3407075878193,7.47965936914344,0,3,0,0,0
1673.88504577329,1330.34355410095,60.0992939313874,23.3273066144743,7.41857260761296,0,3,0,0,0
1674.83422748151,1330.7568813134,60.0973516488448,23.3269623420368,7.38293333718657,0,3,0,0,0
1675.77722682734,1331.1671517361,60.1013922439888,23.3485649432995,7.32682619657555,0,3,0,0,0
1676.71393341187,1331.57529566251,60.1056608622894,23.3671297825482,7.29822995857828,0,3,0,0,0
1677.6442858681,1331.98101985361,60.1092708148062,23.387322223383,7.22412805760808,0,3,0,0,0
1678.56872967532,1332.38438898977,60.1100296070799,23.4135787540885,7.18802632020102,0,3,0,0,0
1679.48652535147,1332.78536477219,60.1085448078811,23.4376834750508,7.135889510216,0,3,0,0,0
1680.52728527674,1333.24049129616,60.1092381598428,23.511362287493,7.07281121705433,0,3,0,0,0
1681.55672229634,1333.6927818004,60.1216368991882,23.5817520399659,6.99920851939808,0,3,0,0,0
1682.57419476483,1334.14316521306,60.136252832599,23.6644889778709,6.92580080226053,0,3,0,0,0
1683.57974190434,1334.59156666789,60.1542488569394,23.7283384431622,6.84478924336446,0,3,0,0,0
1684.57382605149,1335.03654883336,60.1863503716886,23.7699914041229,6.78254161899186,0,3,0,0,0
1685.56012811069,1335.47659856919,60.2134895119816,23.8164227318586,6.73213302982096,0,3,0,0,0
1686.53726073162,1335.91705405526,60.2243911819533,23.8385303300745,6.6778827346501,0,3,0,0,0
1687.50892486831,1336.35226302687,60.2225066134706,23.9239119236579,6.63887164268871,0,3,0,0,0
1688.47354034538,1336.78572504874,60.2115889647976,23.9504530527739,6.59630479484149,0,3,0,0,0
1689.43135165953,1337.21721607633,60.2053146762773,23.9875724298001,6.55167196507212,0,3,0,0,0
1690.38236218638,1337.64583827835,60.2074207663536,24.0131756224095,6.50357637346388,0,3,0,0,0
1691.3256293977,1338.07248727884,60.2072173999622,24.0368721202439,6.45571141350084,0,3,0,0,0
1692.26149873791,1338.49384667538,60.2065588962287,24.0899703209468,6.3873645895273,0,3,0,0,0
1693.18860188843,1338.91148639657,60.209983240813,24.1458896037731,6.32811828390654,0,3,0,0,0
1694.10608382238,1339.32769324165,60.22030008398,24.1635473162237,6.27354736341602,0,3,0,0,0
1695.1284471273,1339.79190074559,60.2354057179764,24.2126329339279,6.21080493160506,0,3,0,0,0
1696.14212777175,1340.25146532897,60.2474969234318,24.2891326414866,6.163652728499,0,3,0,0,0
1697.14523447858,1340.70929539111,60.2450211727992,24.3218954107349,6.10164974807833,0,3,0,0,0
1698.13450979552,1341.16428555083,60.2334102941677,24.3378657273052,6.0064154549305,0,3,0,0,0
1699.10610993044,1341.60820381902,60.2318768650293,24.3366174482142,5.87222103336466,0,3,0,0,0
1700.05504462158,1342.03974934947,60.23795190081,24.3027110928939,5.72700517240784,0,3,0,0,0
1700.97862104862,1342.46492290683,60.2432662695646,24.247402153954,5.5786851299103,0,3,0,0,0
1701.97926878382,1342.91657958925,60.2634778413922,24.23721761719,5.42090129462873,0,3,0,0,0
1702.95065766911,1343.35641383939,60.2673573894426,24.1524087724625,5.26107516911473,0,3,0,0,0
1703.89376017451,1343.78403993975,60.2610163297504,24.1120537836169,5.10936837471626,0,3,0,0,0
1704.81089829881,1344.19568120688,60.2702122181654,24.0661108599484,4.95372797183934,0,3,0,0,0
1705.78494783805,1344.6367762005,60.2830542856827,24.0157861166656,4.77060080002512,0,3,0,0,0
1706.72264835204,1345.05711424258,60.3001716677099,23.99228918716,4.59110277197352,0,3,0,0,0
1707.70531400898,1345.49662398547,60.3057447811589,23.9187842475627,4.39763334083505,0,3,0,0,0
1708.64467801503,1345.91867922992,60.3136634398252,23.8596748640472,4.20317429316602,0,3,0,0,0
1709.6242408118,1346.35386457574,60.3128240676597,23.8816223330561,4.05983269135249,0,3,0,0,0
1710.57199801947,1346.77448891383,60.3142610061914,23.8665813280174,3.92782751953543,0,3,0,0,0
1711.48830585188,1347.18560998235,60.3247111421078,23.8917279281825,3.81230701350667,0,3,0,0,0
1712.4480460381,1347.61205065716,60.3183798491955,23.9337235618122,3.7045441644837,0,3,0,0,0
1713.37962548679,1348.03043972701,60.3153768628836,24.0238920537366,3.59798366511716,0,3,0,0,0
1714.34425399581,1348.46714851353,60.3236084384844,24.1266285094639,3.469517873754,0,3,0,0,0
1715.26580234699,1348.88005202729,60.3327743578702,24.2860090128903,3.26257847617542,0,3,0,0,0
1716.17695082282,1349.30110270251,60.3396714534611,24.418730274348,3.02138596745317,0,3,0,0,0
1717.11353033024,1349.72974947281,60.3502241931856,24.4953869153852,2.67871938070915,0,3,0,0,0
1718.04115591577,1350.15820533969,60.3597458349541,24.5485346357263,2.18728467385185,0,3,0,0,0
1718.94731062732,1350.58414676879,60.3560653626919,24.5994940407111,1.42236482997417,0,3,0,0,0
1719.86145643221,1350.99731161818,60.3556673135608,24.6409908029536,0.365350879495637,0,3,0,0,0
